{"means": {"1": 8.528323051037576, "2": 3.4155555555555557, "3": 1.8482039397450754, "4": 1.4322033898305084, "5": 2.4088642659279778, "6": 2.72, "7": 16.062460165710643, "8": 36.95020746887967}, "stds": {"1": 1.5385651641273865, "2": 0.7745121451983336, "3": 0.8151569359752313, "4": 0.9397822796041823, "5": 0.9708210150783264, "6": 0.9706304146738546, "7": 4.585349820279469, "8": 5.753501579717448}}